sequence,n
GAACA,157
GAACAA,138
AAACA,105
TGTAC,88
GAAAA,82
GAAAAA,81
TGTTC,77
AAAAA,73
ATGTA,66
GAACAC,51
AGAACA,49
AAGTA,48
GAACAG,46
GCACA,42
GTACA,41
AAAAAA,39
AACAA,38
GAACC,38
ATGTT,37
GGAACA,37
AAACAA,35
GAACCA,35
GCACAA,35
TGAACA,35
AATGT,32
TGTAA,31
TGTTA,31
AATGA,30
AGTAC,30
GGTAC,28
AATGTA,27
ATGTAC,27
GAAAAC,26
TGTCC,26
ATGTTC,25
GGTTC,25
TGTGC,25
ATGAA,24
GTACAA,24
TGAAC,24
TGAACAA,24
AAGTT,23
AAAAC,21
AAAACA,21
AACCA,21
ACACA,21
AAAGA,20
AAAGT,20
AGAAA,20
AGTTC,20
ATGTTA,20
AAGAA,19
AAGGA,19
AGAAC,19
ATACA,19
ATGTG,19
GCAAA,19
TGTACA,19
AGAAAA,18
GAAAAG,18
TAAAA,18
TGAAA,18
AAGTAC,17
AAGTTC,17
AGGTA,17
CAAAA,17
CAGTA,17
GAAACA,17
GGAAAA,17
GTTCAA,17
AAAGTA,16
AAATA,16
AATTA,16
CTGTA,16
GAACAT,16
ATGTC,15
CAACA,15
GGACA,15
AAACC,14
AAGTC,14
AAGTG,14
AGTAA,14
AGTGA,14
GGAAA,14
TATAC,14
TGTACAA,14
TTGTA,14
AAACAG,13
AAAGAA,13
AAGGT,13
ATACAA,13
GAGTA,13
GATAC,13
GTACC,13
TAGAA,13
TATTC,13
TATTT,13
AAAAG,12
AAACAC,12
AGAACAA,12
AGTGT,12
ATGTAA,12
GATCA,12
GGAAC,12
GGTCC,12
GTACCA,12
TAAACA,12
TAGTA,12
TATAA,12
TGAAAA,12
TGTTT,12
AAGGTA,11
AGGAA,11
AGGTT,11
AGTTA,11
CCAAC,11
GAAAC,11
GCAAAA,11
GTGTT,11
AAAAAC,10
AAATAC,10
AATGAA,10
ACAAA,10
AGGTAC,10
AGGTTC,10
ATAAA,10
ATTCA,10
CAAAAA,10
CACCA,10
CATGA,10
GACAC,10
GATTC,10
GTGTA,10
TGAACAG,10
TGTAG,10
TGTGA,10
TGTTCAA,10
AAACCA,9
AACAC,9
AACTA,9
AAGTGC,9
ACAAAA,9
AGAACAG,9
AGCACA,9
AGTACA,9
AGTGTA,9
ATTTT,9
CCACAA,9
CCCCA,9
CTACA,9
GAACCC,9
GACAA,9
GACCA,9
GACCAA,9
GCACAC,9
GCACCA,9
GGACAC,9
GTAAA,9
GTTCA,9
TATAT,9
AAGTAA,8
AAGTTA,8
AATAA,8
AATGTG,8
AATGTT,8
ACCCA,8
ACTGT,8
AGTAG,8
AGTTCAA,8
ATGAT,8
CATGT,8
CGAACA,8
GAAAAAA,8
GAAACC,8
GAACAAA,8
GAGAA,8
GAGGC,8
GATGT,8
GCACC,8
GGAACAA,8
GGACAA,8
GTACAG,8
GTGCA,8
TAAAAA,8
TACAA,8
TATGA,8
TGATC,8
TGTTAA,8
TGTTCA,8
AAAGGA,7
AAAGTC,7
AAATAA,7
AAATT,7
AAGAC,7
AAGAT,7
AATCA,7
AATGC,7
ACAACA,7
ACCAA,7
ACTAA,7
AGAACC,7
AGGTG,7
AGTCA,7
AGTGG,7
ATACAC,7
ATATA,7
ATGCA,7
CAACC,7
CACCAA,7
CAGGA,7
CAGTT,7
CCAAT,7
CTGTT,7
CTGTTC,7
GAACCG,7
GAAGA,7
GATAA,7
GATCC,7
GCACAG,7
GGTAA,7
GGTACA,7
GGTTA,7
GTACAC,7
GTACTT,7
GTGAA,7
GTTCAG,7
TAGGA,7
TAGTG,7
TATGT,7
TATTA,7
TGAACAC,7
TGTACAT,7
TTGTAC,7
TTTAA,7
TTTTA,7
AAAAAG,6
AAAAT,6
AAACAT,6
AAACT,6
AAAGTT,6
AACACA,6
AACAG,6
AAGGAA,6
AAGGC,6
AAGTGA,6
ACACC,6
ACAGTA,6
AGAACAC,6
AGCAA,6
AGGTAA,6
AGTACAA,6
AGTGC,6
ATAAAA,6
ATACCA,6
ATATT,6
ATATTA,6
ATGAC,6
ATGCAA,6
ATGTCC,6
ATGTGC,6
ATGTTCAA,6
ATTCAA,6
ATTGA,6
ATTTA,6
CAAGA,6
CAAGT,6
CATGTT,6
CCAAA,6
CCTAA,6
CTAAA,6
GAAAAT,6
GAAACAA,6
GAACAAC,6
GAACAGA,6
GAACCT,6
GAGCC,6
GAGGA,6
GAGGT,6
GATCAA,6
GATCCA,6
GGAACAC,6
GGAACAG,6
GGACCA,6
GTAAAA,6
GTACTA,6
GTGCAA,6
GTGTAC,6
GTTAC,6
TAAAG,6
TAACA,6
TAATA,6
TAATG,6
TAGGT,6
TGAACC,6
TGGAC,6
TGTACC,6
TGTAT,6
TGTGCA,6
TGTGCAA,6
TGTTCGA,6
TGTTCT,6
TGTTCTA,6
AAAGTG,5
AAATTA,5
AAGAAC,5
AAGCA,5
AAGTTG,5
AATGAG,5
AATGAT,5
AATGGA,5
AATGTC,5
AATTC,5
AATTG,5
AATTT,5
ACAAAT,5
ACACAC,5
ACACAG,5
ACAGA,5
ACGGA,5
ACGTAC,5
AGAAAC,5
AGACAA,5
AGAGA,5
AGATAA,5
AGCCA,5
AGGGA,5
AGTCC,5
ATAAT,5
ATACC,5
ATAGT,5
ATGTACAA,5
ATGTACAC,5
ATGTTCA,5
ATTAA,5
ATTCT,5
CAAAC,5
CACTA,5
CAGTAC,5
CATAT,5
CATGTA,5
CCCAA,5
CCCTA,5
CTGTG,5
GAACACA,5
GAACCAA,5
GAACGA,5
GAACT,5
GAAGAA,5
GACCC,5
GAGCAA,5
GCCAC,5
GGGTA,5
GGTACAA,5
GGTAG,5
GTACCC,5
GTACG,5
GTATA,5
GTCCA,5
GTTCC,5
TACCT,5
TACTA,5
TAGTT,5
TATGC,5
TGAACCA,5
TGATCAA,5
TGGTC,5
TGTACCA,5
TGTACTA,5
TGTCA,5
TTAAA,5
TTCAT,5
TTGAA,5
TTTTT,5
AAAAAT,4
AAAGG,4
AAATG,4
AACAAA,4
AACCT,4
AAGAAA,4
AAGGTG,4
AAGGTT,4
AAGTAT,4
AAGTTCAA,4
AATAAA,4
AATAC,4
AATCT,4
ACACCA,4
ACAGC,4
ACAGT,4
ACCAT,4
ACGTTC,4
ACTGTA,4
AGAACAT,4
AGACA,4
AGACAG,4
AGAGAA,4
AGCAC,4
AGCGA,4
AGGACA,4
AGGTC,4
AGTACTT,4
AGTGCA,4
AGTGTG,4
ATAAAC,4
ATACG,4
ATCCAA,4
ATGAG,4
ATGGA,4
ATGTACC,4
ATGTTCAG,4
ATTCCA,4
ATTGT,4
CAACTA,4
CAAGAA,4
CAAGTG,4
CAATAA,4
CACAA,4
CACGAA,4
CAGAA,4
CAGTG,4
CATGAA,4
CATTA,4
CCACA,4
CCAGA,4
CCCAC,4
CCCAG,4
CGAAA,4
CGAACAA,4
CGACA,4
CTAGT,4
CTGTC,4
GAAAG,4
GAACG,4
GAGGAA,4
GATAG,4
GATCAC,4
GATTA,4
GCAACA,4
GCCAA,4
GGAAAC,4
GGCAA,4
GGGAA,4
GGGTT,4
GTCCAA,4
GTCCC,4
GTGAT,4
GTGGC,4
GTGTTC,4
GTTAA,4
GTTCCA,4
TAAAAAA,4
TAAAC,4
TAAACC,4
TAACAG,4
TAAGA,4
TAAGAA,4
TAAGTA,4
TACTG,4
TAGAG,4
TATAG,4
TATGTG,4
TGAAAC,4
TGAACAAA,4
TGAACTA,4
TGATCCA,4
TGCAA,4
TGGAT,4
TGGTA,4
TGTACT,4
TGTCCAA,4
TGTCG,4
TGTTCC,4
TGTTCCA,4
TTAAT,4
TTGAT,4
TTGTTA,4
TTTAC,4
AAACCC,3
AAACTA,3
AAAGAT,3
AAAGC,3
AAATC,3
AAATTCTA,3
AACAT,3
AACCAA,3
AACCC,3
AACCG,3
AAGAACA,3
AAGCAA,3
AAGGG,3
AAGGGA,3
AAGGTC,3
AAGTACAA,3
AAGTCA,3
AAGTGCA,3
AAGTGCAC,3
AAGTGG,3
AAGTTCCA,3
AATAG,3
AATCAA,3
AATCC,3
AATGAC,3
AATGCA,3
AATGG,3
AATGTAC,3
AATGTTC,3
AATTCC,3
AATTTT,3
ACAAAC,3
ACAAAG,3
ACAAC,3
ACAAGA,3
ACAAT,3
ACACAA,3
ACATA,3
ACATG,3
ACCAC,3
ACCACA,3
ACGGAA,3
ACGGTA,3
AGAACCA,3
AGACCA,3
AGAGC,3
AGATAC,3
AGATCA,3
AGCAAA,3
AGGAAA,3
AGGAAAA,3
AGGAACA,3
AGGGC,3
AGGGT,3
AGGTACAA,3
AGGTCC,3
AGTAAA,3
AGTACAC,3
AGTACCA,3
AGTAT,3
AGTTCA,3
AGTTCC,3
AGTTCG,3
AGTTT,3
ATAACA,3
ATAGA,3
ATATGC,3
ATATTC,3
ATCCA,3
ATGAAC,3
ATGCC,3
ATGCT,3
ATGGC,3
ATGTACAG,3
ATGTAT,3
ATGTCCA,3
ATGTTCGA,3
ATTAT,3
ATTGTA,3
ATTGTTC,3
ATTTC,3
ATTTG,3
CAAAAT,3
CAAACAA,3
CAAAG,3
CAACT,3
CAAGTT,3
CACGT,3
CACTAA,3
CACTAG,3
CAGCAA,3
CAGGT,3
CATAA,3
CATCA,3
CATGAT,3
CATGCA,3
CCACCA,3
CCACT,3
CCACTA,3
CCTCT,3
CCTGT,3
CGAAC,3
CGCAG,3
CGGTA,3
CGGTGC,3
CGTAA,3
CGTGA,3
CTAGC,3
CTAGTA,3
CTCAC,3
CTCCAA,3
CTGAA,3
CTGAT,3
CTTAA,3
CTTCA,3
CTTGA,3
CTTTT,3
GAACCCA,3
GAACCCC,3
GAACTA,3
GAAGC,3
GAAGCA,3
GAAGT,3
GAAGTA,3
GACAAA,3
GACAAT,3
GACACA,3
GACAG,3
GACAT,3
GAGCA,3
GAGCT,3
GAGGCA,3
GAGGG,3
GAGTC,3
GAGTG,3
GATCG,3
GATGA,3
GATGC,3
GATGTA,3
GATTCAA,3
GCAAAT,3
GCAAC,3
GCAACC,3
GCACAAA,3
GCACAT,3
GCACCG,3
GCACTA,3
GCAGA,3
GCCCA,3
GCCCAA,3
GCCCT,3
GCCGA,3
GCCTC,3
GCGGA,3
GCTGT,3
GGAAAG,3
GGAAAT,3
GGACAG,3
GGACC,3
GGACCAA,3
GGACG,3
GGCAC,3
GGCACAA,3
GGCCA,3
GGCGG,3
GGGCAC,3
GGGGA,3
GGGGT,3
GGTACC,3
GGTAT,3
GGTGA,3
GGTTCA,3
GGTTCCA,3
GTAACA,3
GTACGA,3
GTACGT,3
GTACT,3
GTCAA,3
GTCCTA,3
GTGCC,3
GTGCG,3
GTGTAA,3
GTGTC,3
GTGTG,3
GTTCAT,3
GTTCATA,3
GTTGA,3
GTTTT,3
TAAAAC,3
TAAAAT,3
TAAAT,3
TAAGAT,3
TAAGG,3
TAAGT,3
TAATAA,3
TAATC,3
TAATT,3
TAATTA,3
TACAC,3
TACACA,3
TACAG,3
TACGT,3
TAGCA,3
TAGGAT,3
TAGGG,3
TAGTAA,3
TAGTAC,3
TAGTC,3
TAGTGC,3
TATACA,3
TATACAA,3
TATCC,3
TATGAA,3
TATGCAA,3
TATGTT,3
TATTCAA,3
TATTTG,3
TCAAC,3
TCAGTA,3
TCATG,3
TCCAA,3
TCCTA,3
TCTTA,3
TCTTT,3
TGAAAAA,3
TGAAAAG,3
TGAAG,3
TGAGCA,3
TGATTA,3
TGCACA,3
TGGAA,3
TGGTG,3
TGTACAC,3
TGTACAG,3
TGTACCC,3
TGTACGA,3
TGTATA,3
TGTGCC,3
TGTTAC,3
TGTTCAC,3
TGTTCAG,3
TGTTCCG,3
TGTTTG,3
TTAGA,3
TTCAA,3
TTCTT,3
TTGTCC,3
TTGTT,3
TTTAG,3
TTTTC,3
AAAAAAA,2
AAAACAA,2
AAAACG,2
AAAACT,2
AAAAGA,2
AAAAGC,2
AAAATA,2
AAAATG,2
AAACAAA,2
AAACAAT,2
AAACCAA,2
AAAGAG,2
AAAGGT,2
AAAGTAC,2
AAATAT,2
AAATCA,2
AAATTC,2
AAATTT,2
AACAAG,2
AACAAT,2
AACAGG,2
AACCGA,2
AACCTA,2
AACGA,2
AACTT,2
AACTTA,2
AAGAAAC,2
AAGAACAA,2
AAGAG,2
AAGCC,2
AAGCCG,2
AAGCGA,2
AAGCTG,2
AAGCTT,2
AAGGAAC,2
AAGGAACA,2
AAGGAC,2
AAGGAG,2
AAGGAT,2
AAGGCC,2
AAGGCG,2
AAGGTAA,2
AAGGTAC,2
AAGTACA,2
AAGTACGA,2
AAGTACT,2
AAGTACTA,2
AAGTCC,2
AAGTGCAA,2
AAGTGCC,2
AAGTTCAT,2
AAGTTCGA,2
AAGTTT,2
AATACT,2
AATAT,2
AATCCA,2
AATCCG,2
AATCCT,2
AATCG,2
AATCTC,2
AATGATCA,2
AATGTAA,2
AATGTAT,2
AATGTGC,2
AATTAA,2
AATTTA,2
ACAACAA,2
ACAAG,2
ACACT,2
ACAGAA,2
ACAGCA,2
ACAGTG,2
ACAGTT,2
ACCCAA,2
ACCCC,2
ACCGA,2
ACCGAA,2
ACGCA,2
ACGCG,2
ACGTA,2
ACGTAA,2
ACGTCC,2
ACGTTAA,2
ACTAG,2
ACTGA,2
ACTGAG,2
ACTGTGC,2
ACTGTT,2
ACTTA,2
ACTTT,2
AGAAAAA,2
AGAAAAAA,2
AGAAACGA,2
AGAAAG,2
AGAACCC,2
AGAACG,2
AGAATG,2
AGAGCA,2
AGAGT,2
AGATCAA,2
AGATT,2
AGATTCAA,2
AGCAAC,2
AGCCAA,2
AGCCCA,2
AGCTA,2
AGGAAC,2
AGGAACAC,2
AGGAC,2
AGGACAA,2
AGGCA,2
AGGCG,2
AGGCTG,2
AGGGGC,2
AGGGTA,2
AGGTACC,2
AGGTGC,2
AGTACC,2
AGTACTA,2
AGTCCAA,2
AGTGAA,2
AGTGCAA,2
AGTGCCC,2
AGTTAG,2
AGTTAT,2
AGTTCAG,2
AGTTG,2
AGTTTA,2
ATAAC,2
ATAAGC,2
ATACAG,2
ATACGA,2
ATACTC,2
ATACTT,2
ATAGAA,2
ATAGTA,2
ATAGTTT,2
ATATAA,2
ATATAC,2
ATATAG,2
ATATAT,2
ATATCC,2
ATCAA,2
ATCAC,2
ATCCT,2
ATCGA,2
ATGAACAA,2
ATGATCA,2
ATGCCA,2
ATGGT,2
ATGGTA,2
ATGTACA,2
ATGTAG,2
ATGTCCAA,2
ATGTGA,2
ATGTGCC,2
ATGTTCAC,2
ATGTTCC,2
ATGTTCG,2
ATTAC,2
ATTAG,2
ATTCAG,2
ATTCG,2
ATTTAC,2
ATTTTT,2
CAAAAC,2
CAAACA,2
CAAAT,2
CAACAA,2
CAACAAA,2
CAACACA,2
CAACAG,2
CAACCA,2
CAAGAT,2
CAAGTA,2
CAATA,2
CAATTG,2
CACAAC,2
CACAC,2
CACAG,2
CACCAT,2
CACCC,2
CACCCA,2
CACCCC,2
CACCT,2
CACCTC,2
CACTAGC,2
CACTG,2
CAGCA,2
CAGCAT,2
CAGCG,2
CAGCT,2
CAGGTG,2
CAGTC,2
CAGTGC,2
CAGTTA,2
CAGTTC,2
CATAC,2
CATACA,2
CATAGG,2
CATGAC,2
CATGG,2
CCAACT,2
CCAACTG,2
CCAAG,2
CCACAC,2
CCACAG,2
CCACC,2
CCAGCT,2
CCAGT,2
CCCCCA,2
CCCTACA,2
CCCTC,2
CCGAA,2
CCGCCA,2
CCGCGC,2
CCGGT,2
CCGGTA,2
CCTAC,2
CCTACTA,2
CCTCTA,2
CCTGA,2
CCTGAA,2
CCTGTA,2
CGAAAAA,2
CGAACC,2
CGAGAA,2
CGATA,2
CGCAAA,2
CGCCAAC,2
CGCGC,2
CGGAG,2
CGGCA,2
CGGTAG,2
CGGTG,2
CGTGC,2
CGTGT,2
CGTTC,2
CTAAAA,2
CTAAAAA,2
CTAAAGGA,2
CTAAAT,2
CTAAT,2
CTACC,2
CTACT,2
CTAGAGGC,2
CTAGCA,2
CTATTA,2
CTATTC,2
CTCAA,2
CTCAAG,2
CTCAG,2
CTCCT,2
CTCGC,2
CTCTAA,2
CTCTG,2
CTGGT,2
CTGTAA,2
CTGTAC,2
CTGTCC,2
CTGTTCC,2
CTTAC,2
CTTGTAA,2
CTTTA,2
CTTTG,2
GAAAACA,2
GAAAAGA,2
GAAAAGAC,2
GAAAAGG,2
GAAACG,2
GAAACTA,2
GAAAT,2
GAACAAG,2
GAACACC,2
GAACACT,2
GAACAGG,2
GAACATA,2
GAACCAC,2
GAACCGA,2
GAACCTA,2
GAACGT,2
GAAGAG,2
GAAGCC,2
GAAGG,2
GAAGGAG,2
GAAGTG,2
GAATAA,2
GAATC,2
GAATCCA,2
GAATGA,2
GACCCA,2
GACCTA,2
GACGCA,2
GACGTA,2
GACTA,2
GACTC,2
GAGAAA,2
GAGAAG,2
GAGACA,2
GAGCAT,2
GAGCCA,2
GAGCGC,2
GAGGGA,2
GAGGTG,2
GAGTAA,2
GAGTCC,2
GAGTGA,2
GAGTT,2
GAGTTA,2
GAGTTC,2
GAGTTCAA,2
GATAAAA,2
GATACAA,2
GATACGA,2
GATAT,2
GATCAT,2
GATCCAA,2
GATCCC,2
GATCTG,2
GATGAT,2
GATGTAA,2
GATTT,2
GATTTTA,2
GCAAAAA,2
GCAAAC,2
GCAAGA,2
GCACCC,2
GCACG,2
GCACTG,2
GCAGAG,2
GCAGCA,2
GCCACC,2
GCCCC,2
GCCCTA,2
GCCGC,2
GCGGC,2
GCTAC,2
GCTAT,2
GCTCC,2
GCTGA,2
GCTGAA,2
GGAACAT,2
GGAACCA,2
GGAACT,2
GGACCG,2
GGACGA,2
GGAGCA,2
GGAGTA,2
GGATA,2
GGATCCA,2
GGCAAC,2
GGCAG,2
GGCCC,2
GGCTC,2
GGCTT,2
GGGAC,2
GGGCA,2
GGGCT,2
GGGTAC,2
GGGTG,2
GGTACAC,2
GGTACCA,2
GGTACG,2
GGTACGA,2
GGTACTA,2
GGTCA,2
GGTCCAT,2
GGTGAA,2
GGTGC,2
GGTGCAA,2
GGTGT,2
GGTGTAC,2
GGTTCTA,2
GTAAAT,2
GTACAAA,2
GTACAT,2
GTACGC,2
GTACGG,2
GTACTC,2
GTAGAA,2
GTAGCTG,2
GTAGG,2
GTAGGG,2
GTAGT,2
GTATTT,2
GTCCAC,2
GTCCGA,2
GTGAC,2
GTGACA,2
GTGCAC,2
GTGCCA,2
GTGCGT,2
GTGGA,2
GTGGAA,2
GTGGTA,2
GTGTCC,2
GTGTTA,2
GTGTTCC,2
GTTAG,2
GTTCAAA,2
GTTCAC,2
GTTCCC,2
GTTCCT,2
GTTCG,2
GTTCGT,2
GTTCTC,2
GTTTTT,2
TAAAAG,2
TAAACAA,2
TAACAA,2
TAACG,2
TAAGC,2
TAAGTC,2
TAAGTG,2
TAATAT,2
TAATCAG,2
TAATTG,2
TACAT,2
TACGAA,2
TACGTA,2
TACTC,2
TAGCAA,2
TAGCCA,2
TAGCG,2
TAGCT,2
TAGGAA,2
TAGGC,2
TAGGTA,2
TAGGTT,2
TAGTAT,2
TAGTGA,2
TAGTTC,2
TAGTTT,2
TATACC,2
TATACTA,2
TATCT,2
TATGCA,2
TATGG,2
TATGTA,2
TATTAC,2
TATTCA,2
TATTCTA,2
TATTG,2
TATTTA,2
TATTTC,2
TCAAAA,2
TCACA,2
TCATA,2
TCATT,2
TCATTA,2
TCCCA,2
TCCCAA,2
TCCCAT,2
TCCCC,2
TCGCA,2
TCGTAC,2
TCGTT,2
TCTAAA,2
TCTAT,2
TCTGTG,2
TCTTC,2
TGAAAAAAC,2
TGAAAAC,2
TGAACAT,2
TGAACTC,2
TGAAGA,2
TGACA,2
TGACCTA,2
TGACT,2
TGAGA,2
TGAGC,2
TGAGCAA,2
TGATA,2
TGATAC,2
TGATCA,2
TGATCCC,2
TGATCTTA,2
TGCAAA,2
TGCACCA,2
TGCCA,2
TGCCAA,2
TGGAACA,2
TGGACA,2
TGGACC,2
TGGCTA,2
TGTAAAAA,2
TGTACTC,2
TGTCT,2
TGTGAA,2
TGTGAC,2
TGTGCG,2
TGTGG,2
TGTGGA,2
TGTTCAAA,2
TGTTCAT,2
TGTTCG,2
TGTTCGT,2
TGTTCTC,2
TGTTCTT,2
TGTTTA,2
TTAAAT,2
TTAAC,2
TTAACC,2
TTACAT,2
TTACTA,2
TTAGTG,2
TTATA,2
TTATG,2
TTCCTT,2
TTCGCC,2
TTGAC,2
TTGCA,2
TTGGA,2
TTGGCA,2
TTGGT,2
TTGTC,2
TTGTG,2
TTTGA,2
TTTGC,2
TTTTAC,2
TTTTGA,2
AAAAAAAA,1
AAAAAAAGAACAT,1
AAAAAAATTT,1
AAAAAAC,1
AAAAAAG,1
AAAAAAGTAA,1
AAAAAAT,1
AAAAAATGTGCCACC,1
AAAAACGGAACA,1
AAAAAGA,1
AAAAAGAACTA,1
AAAAAGC,1
AAAAAGCGAC,1
AAAAAGGAA,1
AAAAAGGTGA,1
AAAAAGGTGGC,1
AAAACAC,1
AAAACAG,1
AAAACAGAA,1
AAAACAGACCAG,1
AAAACAT,1
AAAACATCA,1
AAAACC,1
AAAACTA,1
AAAAGAAAGTG,1
AAAAGAGTAT,1
AAAAGG,1
AAAAGGAG,1
AAAAGGAGTCA,1
AAAAGGTCG,1
AAAAGGTG,1
AAAATAACA,1
AAAATAGGTA,1
AAAATATGTAA,1
AAAATATTCAC,1
AAAATC,1
AAAATGAACGAG,1
AAAATGTAAAAT,1
AAAATTAG,1
AAAATTT,1
AAACAAAGGTA,1
AAACAAC,1
AAACACA,1
AAACACAA,1
AAACAGAG,1
AAACAGC,1
AAACAGGCGT,1
AAACCAG,1
AAACCCG,1
AAACCCGGCC,1
AAACCTACGTA,1
AAACG,1
AAACGA,1
AAACGC,1
AAACGGAA,1
AAACGGCACAA,1
AAACGT,1
AAACTAAGTT,1
AAACTACTTAGA,1
AAACTC,1
AAAGAAC,1
AAAGAACAGATAA,1
AAAGAACCA,1
AAAGAACTA,1
AAAGACAA,1
AAAGACAAAAG,1
AAAGAGGTA,1
AAAGATC,1
AAAGATTAAAGC,1
AAAGCAACAC,1
AAAGCAC,1
AAAGCAG,1
AAAGCAGC,1
AAAGCTC,1
AAAGGAAA,1
AAAGGAGGGTG,1
AAAGGC,1
AAAGGGGCT,1
AAAGGTAC,1
AAAGTAAAA,1
AAAGTACAC,1
AAAGTACATA,1
AAAGTAG,1
AAAGTGTCA,1
AAAGTTA,1
AAAGTTC,1
AAATAAAACATT,1
AAATAATAG,1
AAATAGTA,1
AAATATGTAATGTTA,1
AAATCGCA,1
AAATGA,1
AAATGAACACACTTG,1
AAATGAACG,1
AAATGC,1
AAATGCC,1
AAATGCT,1
AAATGT,1
AAATTCAA,1
AAATTTA,1
AACAAAAAAAA,1
AACAAAAACT,1
AACAAACA,1
AACAAAGAGGAGCAA,1
AACAAATAG,1
AACAAATGTTCAGAA,1
AACAAC,1
AACAACAGAACCG,1
AACAACATG,1
AACACAGTGAG,1
AACACC,1
AACACG,1
AACACTGAATA,1
AACAGA,1
AACAGAA,1
AACAGAAA,1
AACAGAAGGAA,1
AACAGACTGTTA,1
AACAGGTGGGG,1
AACAGTCAA,1
AACATCCGGCA,1
AACATGATC,1
AACATGATCAA,1
AACCAACAGGT,1
AACCAACGGAA,1
AACCAACT,1
AACCAAG,1
AACCAATGAACAG,1
AACCAC,1
AACCACAAG,1
AACCACCA,1
AACCAG,1
AACCAT,1
AACCATA,1
AACCCAAGGTGCT,1
AACCCACTAG,1
AACCCCCAAAAGGAA,1
AACCGGAAAAC,1
AACCTAT,1
AACCTC,1
AACGAA,1
AACGAAGGTAC,1
AACGAATGAAT,1
AACGAGAACT,1
AACGAGGCAACAAG,1
AACGAGGGGCTA,1
AACGAGTGAT,1
AACGC,1
AACGCA,1
AACGG,1
AACGGA,1
AACGGC,1
AACGGG,1
AACGT,1
AACGTA,1
AACGTATGGGAA,1
AACGTCCGA,1
AACTAT,1
AACTC,1
AACTCC,1
AACTCCT,1
AACTCTGGTATAC,1
AACTTAAATAAA,1
AACTTC,1
AACTTT,1
AACTTTA,1
AACTTTAC,1
AACTTTGAAG,1
AAGAAAA,1
AAGAAATG,1
AAGAACAC,1
AAGAACG,1
AAGAACTC,1
AAGAAGTGA,1
AAGAATAGA,1
AAGAATC,1
AAGACACATACTGTTA,1
AAGAGA,1
AAGAGACAGCA,1
AAGAGCG,1
AAGATAG,1
AAGATAGAGAC,1
AAGATC,1
AAGATCAAGCA,1
AAGATCTA,1
AAGCAAA,1
AAGCAG,1
AAGCCA,1
AAGCCT,1
AAGCGT,1
AAGCTA,1
AAGGAAAA,1
AAGGAAAC,1
AAGGAAAGCCGA,1
AAGGAACG,1
AAGGCCAC,1
AAGGGAGAA,1
AAGGGATCAG,1
AAGGTACAA,1
AAGGTACAAG,1
AAGGTACCG,1
AAGGTACGG,1
AAGGTCG,1
AAGGTTC,1
AAGGTTCA,1
AAGTACAAA,1
AAGTACAC,1
AAGTACAT,1
AAGTACCA,1
AAGTACGG,1
AAGTACGT,1
AAGTATAGA,1
AAGTATATA,1
AAGTCCAG,1
AAGTCCAT,1
AAGTCTAAA,1
AAGTGAA,1
AAGTGCCA,1
AAGTGCGC,1
AAGTGCTT,1
AAGTGGGAACA,1
AAGTTAA,1
AAGTTCA,1
AAGTTCAAC,1
AAGTTCAC,1
AAGTTCAG,1
AAGTTCC,1
AAGTTCCAA,1
AAGTTCCC,1
AAGTTCCG,1
AAGTTCGC,1
AAGTTCT,1
AAGTTCTTG,1
AAGTTTCTATA,1
AATAACAA,1
AATAAGG,1
AATAAT,1
AATAATA,1
AATACA,1
AATACACA,1
AATAGA,1
AATAGAGCAA,1
AATAGGG,1
AATATA,1
AATATCC,1
AATATGTTCAAACC,1
AATATT,1
AATCAAAT,1
AATCAT,1
AATCCTA,1
AATCGA,1
AATCGAACAA,1
AATCTA,1
AATGAAAA,1
AATGAACCG,1
AATGATAG,1
AATGATCCA,1
AATGCAC,1
AATGCC,1
AATGGC,1
AATGGCAC,1
AATGTAAGA,1
AATGTAG,1
AATGTCC,1
AATGTGA,1
AATGTGAGAC,1
AATGTGG,1
AATGTTA,1
AATGTTG,1
AATGTTT,1
AATGTTTAAA,1
AATTAAAG,1
AATTAAGAGTA,1
AATTAAT,1
AATTAATGAGAA,1
AATTAC,1
AATTACA,1
AATTAG,1
AATTAGAA,1
AATTAT,1
AATTATGCAT,1
AATTATTA,1
AATTCAA,1
AATTCAT,1
AATTCCA,1
AATTGACTA,1
AATTGG,1
AATTTAT,1
AATTTC,1
AATTTTA,1
AATTTTT,1
ACAAAAAA,1
ACAAAAAGTTCAA,1
ACAAAAAGTTCAC,1
ACAAAAGAGA,1
ACAAAAGGTCC,1
ACAAACA,1
ACAAACGGTTC,1
ACAAAGA,1
ACAAAGAT,1
ACAAATA,1
ACAAATAC,1
ACAAATATA,1
ACAAATGTTA,1
ACAACCA,1
ACAACG,1
ACAACT,1
ACAACTAACA,1
ACAACTC,1
ACAAGAG,1
ACAAGATGAACAC,1
ACAAGATGTAAA,1
ACAAGT,1
ACAATA,1
ACAATAAGAA,1
ACAATAAGCCG,1
ACAATAAGG,1
ACAATAAGTTAAAA,1
ACAATGTATTA,1
ACAATT,1
ACACAAA,1
ACACAACCTAGTGTT,1
ACACAAGGAACA,1
ACACAAGGTAC,1
ACACAAT,1
ACACAATGTCATAA,1
ACACACTGATAA,1
ACACATAAA,1
ACACCAA,1
ACACGC,1
ACACGT,1
ACACTG,1
ACAGAAAAA,1
ACAGAAAGATAGA,1
ACAGAACCG,1
ACAGAAGTCG,1
ACAGAAT,1
ACAGAC,1
ACAGACTGAG,1
ACAGAT,1
ACAGATCA,1
ACAGCACA,1
ACAGCACAA,1
ACAGCGTGTG,1
ACAGGAA,1
ACAGGCTG,1
ACAGGGGC,1
ACAGGGTAA,1
ACAGTCC,1
ACAGTCCA,1
ACAGTTA,1
ACATAATATCA,1
ACATAC,1
ACATAGA,1
ACATAGAA,1
ACATATAC,1
ACATATATTC,1
ACATC,1
ACATGA,1
ACATGT,1
ACATGTTC,1
ACATT,1
ACATTCAC,1
ACATTG,1
ACATTGA,1
ACCAAAAGGTGGGGCC,1
ACCAAATGTTCT,1
ACCAAATTTGC,1
ACCAAC,1
ACCAACAAGCAGTGC,1
ACCAACTGAACCA,1
ACCAAGA,1
ACCACG,1
ACCACGAGAA,1
ACCACT,1
ACCAGA,1
ACCAGGT,1
ACCAGGTGGA,1
ACCAGT,1
ACCATA,1
ACCATCAGATAT,1
ACCCAAACTAGTTCCAA,1
ACCCAAGAAA,1
ACCCACCA,1
ACCCAT,1
ACCCG,1
ACCCTA,1
ACCGAGTGA,1
ACCGATTCAA,1
ACCGCA,1
ACCGGTCTT,1
ACCGT,1
ACCTA,1
ACCTG,1
ACCTGAA,1
ACCTT,1
ACGAAGGTTCCA,1
ACGAC,1
ACGACCTTA,1
ACGACGGCTTA,1
ACGAG,1
ACGAGA,1
ACGAGAGTTCAG,1
ACGCAT,1
ACGCT,1
ACGGAACAAC,1
ACGGAAGA,1
ACGGAG,1
ACGGAGTAC,1
ACGGAT,1
ACGGC,1
ACGGG,1
ACGGGA,1
ACGGGT,1
ACGGT,1
ACGGTAA,1
ACGGTG,1
ACGGTGAA,1
ACGTACA,1
ACGTACAA,1
ACGTACTC,1
ACGTATGTCCGC,1
ACGTC,1
ACGTCCCC,1
ACGTCT,1
ACGTG,1
ACGTGC,1
ACGTGCTA,1
ACGTT,1
ACGTTA,1
ACGTTCA,1
ACGTTCTA,1
ACGTTG,1
ACGTTTA,1
ACTAAA,1
ACTAATAAA,1
ACTAGAACCCCT,1
ACTAGGA,1
ACTAGGACCTCTAATTTAT,1
ACTAGGT,1
ACTAGTGCAGTA,1
ACTAT,1
ACTATACC,1
ACTATCGAA,1
ACTCAA,1
ACTCACGA,1
ACTCGA,1
ACTCT,1
ACTCTGTCC,1
ACTGAA,1
ACTGAC,1
ACTGGA,1
ACTGTAA,1
ACTGTACACTAGGT,1
ACTGTG,1
ACTTC,1
ACTTG,1
ACTTTA,1
ACTTTC,1
AGAAAACA,1
AGAAAAGA,1
AGAAAATTAAAT,1
AGAAACA,1
AGAAACAATGGTTCAA,1
AGAAACCA,1
AGAAACG,1
AGAAAT,1
AGAACAAGTACTC,1
AGAACACA,1
AGAACACGAAGGAA,1
AGAACAGCAGGTTCCA,1
AGAACCG,1
AGAACCTAACA,1
AGAAG,1
AGAAGA,1
AGAAGCA,1
AGAAGGC,1
AGAAGGTG,1
AGAAT,1
AGAATAGGCCCC,1
AGAATGA,1
AGAATGTGTA,1
AGACAAAT,1
AGACAC,1
AGACACATG,1
AGACAT,1
AGACC,1
AGACG,1
AGACGA,1
AGACTG,1
AGAGAAAAAAA,1
AGAGAAGCACC,1
AGAGACAA,1
AGAGACCTCTA,1
AGAGAG,1
AGAGAGA,1
AGAGAT,1
AGAGCATA,1
AGAGCCAAG,1
AGAGCT,1
AGAGCTA,1
AGAGG,1
AGAGGCA,1
AGAGGCG,1
AGAGGG,1
AGAGGGTGG,1
AGAGTC,1
AGATA,1
AGATC,1
AGATCAC,1
AGATCCAA,1
AGATG,1
AGATGC,1
AGATGT,1
AGATTC,1
AGATTCAG,1
AGCACAACAA,1
AGCACAG,1
AGCACT,1
AGCAG,1
AGCAGA,1
AGCAGAA,1
AGCAGAAAGTACTA,1
AGCAGATATAAG,1
AGCAGG,1
AGCATACA,1
AGCATCCG,1
AGCCAAAAAGAG,1
AGCCAG,1
AGCCCC,1
AGCCCCCAAG,1
AGCCTT,1
AGCGCA,1
AGCGG,1
AGCGGG,1
AGCGT,1
AGCGTA,1
AGCGTAC,1
AGCTAC,1
AGCTT,1
AGCTTCA,1
AGGAACAG,1
AGGAACC,1
AGGAACCT,1
AGGAAG,1
AGGACCC,1
AGGACG,1
AGGACTGTTA,1
AGGAGA,1
AGGAGGC,1
AGGAT,1
AGGCACA,1
AGGCATTGGTAT,1
AGGCC,1
AGGCCA,1
AGGCCGCACTT,1
AGGCGA,1
AGGCTGC,1
AGGCTGGAAGA,1
AGGGACC,1
AGGGCAGTC,1
AGGGG,1
AGGGGAA,1
AGGGGG,1
AGGGTAT,1
AGGGTC,1
AGGGTGG,1
AGGTAAC,1
AGGTACA,1
AGGTACAG,1
AGGTACAT,1
AGGTACGC,1
AGGTACTC,1
AGGTAG,1
AGGTAT,1
AGGTCA,1
AGGTCCGA,1
AGGTCTA,1
AGGTGA,1
AGGTTA,1
AGGTTAGAA,1
AGGTTAT,1
AGGTTATCA,1
AGGTTCA,1
AGGTTCAA,1
AGGTTCAAA,1
AGGTTCC,1
AGGTTCCG,1
AGGTTCG,1
AGGTTCGA,1
AGGTTGTT,1
AGTAAAA,1
AGTAAATC,1
AGTAAG,1
AGTAAT,1
AGTACAAC,1
AGTACAG,1
AGTACAT,1
AGTACCATA,1
AGTAGGA,1
AGTATCT,1
AGTATGTACC,1
AGTATT,1
AGTCAAGA,1
AGTCCA,1
AGTCCT,1
AGTCCTT,1
AGTCGA,1
AGTCT,1
AGTGAAAC,1
AGTGAC,1
AGTGAG,1
AGTGAT,1
AGTGATCAA,1
AGTGCT,1
AGTGGAC,1
AGTGGC,1
AGTGTT,1
AGTGTTA,1
AGTTAC,1
AGTTCAT,1
AGTTCCAT,1
AGTTCCC,1
AGTTCCG,1
AGTTCTGTACAA,1
AGTTGA,1
AGTTGGA,1
AGTTTC,1
AGTTTCAT,1
AGTTTT,1
ATAAAAAAGAGGCCA,1
ATAAAAGC,1
ATAAAG,1
ATAAAGTAGG,1
ATAAAGTG,1
ATAAAT,1
ATAACG,1
ATAAG,1
ATAAGG,1
ATAAGT,1
ATAATA,1
ATAATAGGG,1
ATACAAA,1
ATACAAAACAGAA,1
ATACACA,1
ATACAT,1
ATACATA,1
ATACCAA,1
ATACCC,1
ATACCG,1
ATACGG,1
ATACT,1
ATACTA,1
ATAGAAAA,1
ATAGAAC,1
ATAGAAGAG,1
ATAGAG,1
ATAGG,1
ATAGGA,1
ATAGTGGCC,1
ATAGTT,1
ATATACCC,1
ATATCA,1
ATATCAAA,1
ATATCAG,1
ATATCCA,1
ATATCCTA,1
ATATTAA,1
ATATTCGA,1
ATATTCGG,1
ATATTG,1
ATATTTT,1
ATCAAA,1
ATCAAAGCAAACTATAGAATATGG,1
ATCAAG,1
ATCACCAAAAGGCAG,1
ATCAGGGC,1
ATCATAAAT,1
ATCCAACGAAACTCGAC,1
ATCCAC,1
ATCCC,1
ATCCCA,1
ATCCTA,1
ATCCTCTAAT,1
ATCGG,1
ATCTCT,1
ATCTGAT,1
ATCTGT,1
ATCTT,1
ATGAAA,1
ATGAAAA,1
ATGAAAAA,1
ATGAAAAGGCA,1
ATGAAACGA,1
ATGAAAGAA,1
ATGAACAAA,1
ATGAACCAA,1
ATGAACCCA,1
ATGAACT,1
ATGAACTA,1
ATGAATA,1
ATGACAAA,1
ATGACCA,1
ATGACCTGA,1
ATGACG,1
ATGACGCA,1
ATGATCAA,1
ATGATCC,1
ATGCAAAATA,1
ATGCAAC,1
ATGCCAAC,1
ATGCCG,1
ATGCGA,1
ATGCGC,1
ATGCGCA,1
ATGCGCTA,1
ATGGAA,1
ATGGAC,1
ATGGACGT,1
ATGGAGGA,1
ATGGCGA,1
ATGGG,1
ATGGGAGG,1
ATGGTG,1
ATGGTT,1
ATGTAAA,1
ATGTAAATAA,1
ATGTAACA,1
ATGTAAG,1
ATGTACAAA,1
ATGTACCAAA,1
ATGTACCT,1
ATGTACT,1
ATGTACTT,1
ATGTAGA,1
ATGTAGAA,1
ATGTCA,1
ATGTCCAT,1
ATGTCCGG,1
ATGTCG,1
ATGTCGA,1
ATGTCT,1
ATGTGCAA,1
ATGTGCCA,1
ATGTGCT,1
ATGTGG,1
ATGTTAAAC,1
ATGTTAG,1
ATGTTAT,1
ATGTTCAAA,1
ATGTTCGTA,1
ATGTTCT,1
ATGTTCTA,1
ATGTTCTT,1
ATGTTTT,1
ATGTTTTCCG,1
ATTAAATTGT,1
ATTACA,1
ATTATA,1
ATTATG,1
ATTCAGA,1
ATTCC,1
ATTCCC,1
ATTCCG,1
ATTCCT,1
ATTCGA,1
ATTCGC,1
ATTCGG,1
ATTCTTGTTC,1
ATTGAACTA,1
ATTGAC,1
ATTGATCAA,1
ATTGCAAAA,1
ATTGGT,1
ATTGTC,1
ATTGTG,1
ATTGTT,1
ATTTAA,1
ATTTAGAA,1
ATTTCA,1
ATTTCAA,1
ATTTCC,1
ATTTCCA,1
ATTTGC,1
ATTTTA,1
ATTTTAA,1
ATTTTC,1
ATTTTTCA,1
CAAAAAA,1
CAAAAAGTAAA,1
CAAAAAGTCATGTAA,1
CAAAAAGTGGCACTA,1
CAAAACAAGG,1
CAAAAGATCAA,1
CAAAAGC,1
CAAAAGG,1
CAAAATAA,1
CAAAATGAA,1
CAAAATGACTCA,1
CAAAATGTGG,1
CAAAATGTTCAC,1
CAAACAC,1
CAAACAG,1
CAAACAT,1
CAAACATTAC,1
CAAACT,1
CAAAGAA,1
CAAAGAAG,1
CAAAGCGA,1
CAAAGT,1
CAAAGTA,1
CAAAGTGAACAAA,1
CAAATAA,1
CAAATGCA,1
CAACAAAAGGGC,1
CAACAAATTGGTCAA,1
CAACAACG,1
CAACAACTAGAT,1
CAACAAGAA,1
CAACAAGGCAGAA,1
CAACAAGTAA,1
CAACAATGTA,1
CAACAATTGGAC,1
CAACAC,1
CAACACCTAGTG,1
CAACAT,1
CAACATAAAGGGAGCTG,1
CAACATG,1
CAACATGAGG,1
CAACCAAGGACAAA,1
CAACCACTAGTGCC,1
CAACCAG,1
CAACCAGTACAA,1
CAACCGA,1
CAACCT,1
CAACGA,1
CAACGAAGA,1
CAACGCCT,1
CAACGT,1
CAACTAAGG,1
CAACTAGAA,1
CAACTAGAG,1
CAACTAGGC,1
CAACTAGTAC,1
CAACTAGTGGA,1
CAACTT,1
CAACTTCAGGC,1
CAAGAAA,1
CAAGAAAAC,1
CAAGAAAGG,1
CAAGAAAT,1
CAAGAACAA,1
CAAGAAGTG,1
CAAGAC,1
CAAGAG,1
CAAGAGGGCAA,1
CAAGATACA,1
CAAGC,1
CAAGCA,1
CAAGCTG,1
CAAGG,1
CAAGGA,1
CAAGGAAACCAGGGGGAT,1
CAAGGAG,1
CAAGGAGCAAC,1
CAAGGGCTA,1
CAAGTAT,1
CAAGTC,1
CAAGTTATGCC,1
CAAGTTC,1
CAATAAAAA,1
CAATAAAGG,1
CAATAAAGGAAT,1
CAATAACACGGTA,1
CAATAATCT,1
CAATAC,1
CAATACAG,1
CAATAGAGCG,1
CAATAGG,1
CAATAGGA,1
CAATAGGTA,1
CAATAT,1
CAATATGAACAA,1
CAATATGCA,1
CAATATGTAA,1
CAATCGTAAAAAAG,1
CAATGA,1
CAATT,1
CAATTA,1
CAATTCATA,1
CAATTGA,1
CAATTGGACACCC,1
CACAAA,1
CACAAAA,1
CACAAAATGTA,1
CACAAAGTGGAG,1
CACAAG,1
CACAAGAA,1
CACAAGCT,1
CACAAGG,1
CACAAGGAACCGAT,1
CACACA,1
CACAGCAG,1
CACAT,1
CACATCCTC,1
CACCAAA,1
CACCAAATGGTCAAC,1
CACCAACTA,1
CACCAACTGGCGTC,1
CACCAAT,1
CACCAATTAGTGCT,1
CACCAC,1
CACCACA,1
CACCACCTT,1
CACCATGTTCTCCTAAA,1
CACCCAAAA,1
CACCCACTGGAGAC,1
CACCG,1
CACCGATTGCG,1
CACCGG,1
CACCTA,1
CACCTACAAAATGAA,1
CACCTAG,1
CACCTCTATAGGC,1
CACCTG,1
CACGA,1
CACGAGGTGAG,1
CACGC,1
CACGGCGACAGAATAGTC,1
CACTAAA,1
CACTAAGAG,1
CACTAATAGGCA,1
CACTAC,1
CACTAGA,1
CACTAGGTGGC,1
CACTAT,1
CACTCTA,1
CACTCTTGGGTA,1
CACTGA,1
CACTGAAG,1
CACTGCA,1
CACTGTA,1
CACTGTC,1
CACTT,1
CACTTA,1
CACTTATCTT,1
CAGAAA,1
CAGAAAAA,1
CAGAAAC,1
CAGAACCA,1
CAGAAGATAT,1
CAGAAGC,1
CAGAAGGTA,1
CAGAC,1
CAGACA,1
CAGACAAC,1
CAGAGA,1
CAGATAG,1
CAGCAACA,1
CAGCAAT,1
CAGCAC,1
CAGCCA,1
CAGCCAA,1
CAGCCCA,1
CAGCTAAGA,1
CAGGAA,1
CAGGAACGA,1
CAGGAC,1
CAGGACAAGGA,1
CAGGAG,1
CAGGCA,1
CAGGG,1
CAGGGA,1
CAGGTA,1
CAGGTAA,1
CAGGTACAG,1
CAGGTC,1
CAGGTCA,1
CAGGTGA,1
CAGGTGG,1
CAGGTTA,1
CAGTACATAGAGAAC,1
CAGTACGA,1
CAGTCC,1
CAGTCCT,1
CAGTCCTG,1
CAGTCTA,1
CAGTGA,1
CAGTGAGTTC,1
CAGTGCA,1
CAGTGCC,1
CAGTTAAAAGTC,1
CAGTTCT,1
CAGTTGTG,1
CATAAA,1
CATAATC,1
CATAG,1
CATAGA,1
CATATG,1
CATATGTACCCA,1
CATATT,1
CATATTTGGGCAATAGATT,1
CATCAAA,1
CATCAAAAGGTTC,1
CATCAAGG,1
CATCACTTAAGTGAACAGTA,1
CATCC,1
CATCCACAGGTGGTA,1
CATCCCA,1
CATCGA,1
CATCGAAGTGGCC,1
CATCGAG,1
CATCTACA,1
CATCTCATGGG,1
CATGAAAAAGATGGATA,1
CATGACAAGGAC,1
CATGAGA,1
CATGAGAGGGTT,1
CATGATA,1
CATGATCAA,1
CATGC,1
CATGCC,1
CATGTC,1
CATGTCA,1
CATTAA,1
CATTAAAG,1
CATTAATGGC,1
CATTAG,1
CATTAGG,1
CATTAT,1
CATTCAA,1
CATTG,1
CATTTA,1
CATTTAAGTGTAAAC,1
CATTTAATGGCA,1
CATTTAG,1
CATTTAGAG,1
CCAAAA,1
CCAAAAA,1
CCAAAAC,1
CCAAAAGACGA,1
CCAAAAGGG,1
CCAAAAGTT,1
CCAAAGTAC,1
CCAAAT,1
CCAAATGA,1
CCAAATGCACA,1
CCAAATGGTG,1
CCAAATGTAA,1
CCAACA,1
CCAACAAAA,1
CCAACAAGAGGC,1
CCAACAGGAGGCTAA,1
CCAACC,1
CCAACCGGAGTCA,1
CCAACGG,1
CCAACTT,1
CCAAGA,1
CCAAGAGGAG,1
CCAAGAGTAC,1
CCAAGG,1
CCAAGT,1
CCAAGTAAGG,1
CCAAGTG,1
CCAAGTGA,1
CCAATAA,1
CCAATAAA,1
CCAATAAGTAGCC,1
CCAATAG,1
CCAATAGGAAGC,1
CCAATCCGGAGAA,1
CCAATGT,1
CCAATGTC,1
CCAATTAGTGCGCA,1
CCACAAG,1
CCACAAGCAGCCAA,1
CCACACGGTAGCAGA,1
CCACAGCTA,1
CCACAT,1
CCACCAAAAGGA,1
CCACCAACAGGA,1
CCACCAG,1
CCACCAGT,1
CCACCATC,1
CCACCCATTGAGAGCC,1
CCACCTA,1
CCACGAAGA,1
CCACGAATTGG,1
CCACGAGT,1
CCACGC,1
CCACGCC,1
CCACTAA,1
CCACTAAAGGAC,1
CCACTAAT,1
CCACTACAA,1
CCACTAGCT,1
CCACTAGGA,1
CCACTAGT,1
CCACTATTGGGA,1
CCACTCAGTGG,1
CCACTG,1
CCACTGCGG,1
CCACTTATG,1
CCACTTGAA,1
CCACTTGTGGTC,1
CCAGAAAAA,1
CCAGAAACC,1
CCAGAGCAC,1
CCAGAGGACAA,1
CCAGATGC,1
CCAGCAG,1
CCAGGG,1
CCAGGTAT,1
CCAGTAC,1
CCAGTG,1
CCAGTT,1
CCATAA,1
CCATAAAGAA,1
CCATAAGAG,1
CCATAGAAG,1
CCATAGGTG,1
CCATC,1
CCATGAAA,1
CCATGC,1
CCATTA,1
CCCAAC,1
CCCAAGGTG,1
CCCAAGTG,1
CCCAAT,1
CCCAATAAAAGCG,1
CCCACTACAGAA,1
CCCAGC,1
CCCAGCAAAAGGGTA,1
CCCAGCTC,1
CCCAT,1
CCCATAAGTGGTA,1
CCCCAA,1
CCCCAAAGAGC,1
CCCCAACA,1
CCCCAACTG,1
CCCCACCT,1
CCCCAGCT,1
CCCCCACTGAG,1
CCCCCAGA,1
CCCCCGAGGGAGCAAA,1
CCCCCTCAA,1
CCCCGC,1
CCCCT,1
CCCCTA,1
CCCCTAGTGAA,1
CCCCTC,1
CCCGA,1
CCCGC,1
CCCGCTT,1
CCCGG,1
CCCGT,1
CCCGTA,1
CCCGTAGAGGTA,1
CCCGTAGT,1
CCCGTC,1
CCCTACCCTG,1
CCCTAGGG,1
CCCTAT,1
CCCTATAA,1
CCCTATGTA,1
CCCTCAAGTCGAC,1
CCCTCT,1
CCCTCTA,1
CCCTTAT,1
CCCTTTGAG,1
CCGAAAATA,1
CCGAAGTAACAT,1
CCGAAT,1
CCGACA,1
CCGACCG,1
CCGAGAAGT,1
CCGCA,1
CCGCC,1
CCGCCT,1
CCGCGACAAGGTGCG,1
CCGCTAG,1
CCGCTC,1
CCGGG,1
CCGGTCA,1
CCGTA,1
CCGTAG,1
CCTAAGGC,1
CCTAAT,1
CCTACAG,1
CCTAG,1
CCTAGAGGA,1
CCTAGAGTG,1
CCTATAAAAA,1
CCTATAAAGTGA,1
CCTCA,1
CCTCAA,1
CCTCAAA,1
CCTCAC,1
CCTCACGTGG,1
CCTCATCC,1
CCTCATGTGGTC,1
CCTCC,1
CCTCCAC,1
CCTCCT,1
CCTCG,1
CCTCGA,1
CCTCGAGA,1
CCTCTAA,1
CCTCTAGA,1
CCTCTAGAC,1
CCTCTAGTA,1
CCTGAG,1
CCTGAGTAGC,1
CCTGC,1
CCTGCGTGGGA,1
CCTGCTAGCG,1
CCTGGG,1
CCTGTAC,1
CCTTAA,1
CCTTAAAATGCAT,1
CCTTCA,1
CCTTCT,1
CCTTCTA,1
CCTTG,1
CCTTT,1
CCTTTAAGA,1
CGAAAAC,1
CGAAAAGTCCAA,1
CGAAACC,1
CGAAAT,1
CGAACAG,1
CGAACT,1
CGAACTAG,1
CGAAG,1
CGAAGA,1
CGAAGGAAAA,1
CGAAT,1
CGACAAA,1
CGACAACGAA,1
CGACAG,1
CGACCA,1
CGACCT,1
CGACGC,1
CGACTAG,1
CGACTATGCAA,1
CGAGA,1
CGAGAC,1
CGAGACAAA,1
CGAGATGGT,1
CGAGCC,1
CGAGT,1
CGAGTC,1
CGATAA,1
CGATACGT,1
CGATAG,1
CGATAGA,1
CGCAA,1
CGCAAAACTTA,1
CGCAACA,1
CGCAC,1
CGCACAC,1
CGCACAT,1
CGCACATCCCC,1
CGCACC,1
CGCCA,1
CGCCAAA,1
CGCCAACTCTAGAC,1
CGCCCT,1
CGCCCTCT,1
CGCCG,1
CGCCTGCCCCC,1
CGCGCCG,1
CGCGT,1
CGCTA,1
CGCTAA,1
CGCTAAAA,1
CGGAA,1
CGGAAAA,1
CGGAC,1
CGGACAA,1
CGGACAAA,1
CGGACACA,1
CGGACCA,1
CGGCGC,1
CGGCT,1
CGGGAA,1
CGGGAT,1
CGGGC,1
CGGGGA,1
CGGGT,1
CGGGTA,1
CGGGTAA,1
CGGGTAC,1
CGGTC,1
CGGTCC,1
CGGTCCGA,1
CGGTGCCT,1
CGGTT,1
CGGTTA,1
CGGTTC,1
CGTAC,1
CGTAG,1
CGTAGTGATCCA,1
CGTCA,1
CGTCAC,1
CGTGAT,1
CGTGCAA,1
CGTGGC,1
CGTGTA,1
CGTGTG,1
CGTGTT,1
CGTGTTCT,1
CGTTGC,1
CGTTTAT,1
CTAAAAGGA,1
CTAAAC,1
CTAAAG,1
CTAAAGGAC,1
CTAAAGGAG,1
CTAAAGGG,1
CTAAATGA,1
CTAAATTGGAAAG,1
CTAAC,1
CTAACC,1
CTAACGGA,1
CTAAG,1
CTAAGA,1
CTAAGAGGAG,1
CTAAGCA,1
CTAATG,1
CTAATT,1
CTACAA,1
CTACACTAATAGGAG,1
CTACAG,1
CTACAGGGA,1
CTACCATG,1
CTACCCA,1
CTACCCACTCGAGCA,1
CTACTAAGAGAA,1
CTACTAGAA,1
CTACTCAA,1
CTAGA,1
CTAGCAGT,1
CTAGCG,1
CTAGGGGA,1
CTAGGGGAA,1
CTAGGT,1
CTAGTAGATTT,1
CTAGTG,1
CTAGTGA,1
CTAGTGGA,1
CTATA,1
CTATAAAG,1
CTATAC,1
CTATAG,1
CTATCTCCCCAAA,1
CTCAAAGTTA,1
CTCAAGCTCAG,1
CTCAAGT,1
CTCACTAC,1
CTCAGCAGG,1
CTCAT,1
CTCCA,1
CTCCAACTC,1
CTCCACCACCTTCATG,1
CTCCAGTA,1
CTCCATTTATTG,1
CTCCC,1
CTCCCA,1
CTCCCAC,1
CTCCCTCTAAAGGC,1
CTCCGC,1
CTCCGCTAAAAGAC,1
CTCCTGGA,1
CTCGAA,1
CTCGAGTCA,1
CTCGTCGTAA,1
CTCGTGTC,1
CTCTA,1
CTCTAATGT,1
CTCTAGC,1
CTCTAGGA,1
CTCTATTG,1
CTCTC,1
CTCTT,1
CTCTTCAGTCA,1
CTGAAAAA,1
CTGAACG,1
CTGAC,1
CTGACTAA,1
CTGAGG,1
CTGATCC,1
CTGCACCGTG,1
CTGCAT,1
CTGCC,1
CTGCCCTGAA,1
CTGCCTATAAAG,1
CTGCTCTGCA,1
CTGCTGAA,1
CTGGA,1
CTGGAAC,1
CTGGACAGC,1
CTGGAT,1
CTGGGCA,1
CTGTAAAG,1
CTGTACA,1
CTGTACAT,1
CTGTAT,1
CTGTGA,1
CTGTTA,1
CTGTTCTAA,1
CTGTTT,1
CTGTTTGA,1
CTTAAAA,1
CTTAACCG,1
CTTAAGGC,1
CTTACGAT,1
CTTAGCAA,1
CTTAT,1
CTTATAGG,1
CTTATATAAA,1
CTTCAAC,1
CTTCCAC,1
CTTCCAG,1
CTTCCT,1
CTTCTA,1
CTTCTCA,1
CTTCTCG,1
CTTCTTT,1
CTTGAA,1
CTTGAT,1
CTTGT,1
CTTTAA,1
CTTTAAG,1
CTTTAC,1
CTTTC,1
CTTTCCAA,1
CTTTGGA,1
GAAAAAAAAAT,1
GAAAAAAAGATA,1
GAAAAAAATA,1
GAAAAAAATAAACAT,1
GAAAAAAG,1
GAAAAAAGAT,1
GAAAAAAGTAGG,1
GAAAAAAT,1
GAAAAACAAATACAA,1
GAAAAAGAA,1
GAAAAAGAGGTACC,1
GAAAAAGGGCA,1
GAAAAAGTTGC,1
GAAAACAAGG,1
GAAAACC,1
GAAAACGAGA,1
GAAAAGGAAGATCA,1
GAAAAGGCTTTC,1
GAAAAGT,1
GAAAAGTATACAA,1
GAAAATATTGAA,1
GAAAATCA,1
GAAACAAA,1
GAAACAACGGA,1
GAAACAC,1
GAAACACAGGTTCAC,1
GAAACAGA,1
GAAACAGAGA,1
GAAACAGGAGGGAGGAGCA,1
GAAACCA,1
GAAACCC,1
GAAACCT,1
GAAACGA,1
GAAACTC,1
GAAACTTT,1
GAAAGA,1
GAAAGACAC,1
GAAAGGA,1
GAAAGTACGGTTA,1
GAAAGTCCA,1
GAAAGTGC,1
GAAATA,1
GAAATG,1
GAAATGCA,1
GAAATT,1
GAACAAAA,1
GAACAAAAAGAA,1
GAACAAAAGGTAC,1
GAACAAAAGGTC,1
GAACAAAATAT,1
GAACAAAGT,1
GAACAACAGGTTGG,1
GAACAACAT,1
GAACAACATGATCAA,1
GAACAAGAATTGGG,1
GAACAAT,1
GAACAATATGAA,1
GAACAATCAA,1
GAACAATGGGCAAA,1
GAACAATGTAAAT,1
GAACACAA,1
GAACACAAGGTACA,1
GAACACACGGAAGAA,1
GAACACAGAGGAGCCA,1
GAACACGATGTAAAGA,1
GAACAGAAATTC,1
GAACAGAC,1
GAACAGC,1
GAACAGGAATAA,1
GAACAGGTTCTA,1
GAACAGTGTAA,1
GAACAGTTCGTT,1
GAACATG,1
GAACATGAATT,1
GAACATTCTGAA,1
GAACCAAT,1
GAACCACATCTGGTAGGA,1
GAACCATC,1
GAACCCAAGAGGCCAC,1
GAACCCAAGG,1
GAACCCG,1
GAACCCGAAAGTTA,1
GAACCCGAG,1
GAACCGAATGAA,1
GAACCGC,1
GAACCGCC,1
GAACGAA,1
GAACGAAA,1
GAACGC,1
GAACGGATCGG,1
GAACTC,1
GAACTG,1
GAACTT,1
GAACTTTA,1
GAAGAAA,1
GAAGAAAA,1
GAAGAAACAA,1
GAAGAAC,1
GAAGAACAG,1
GAAGAACC,1
GAAGAAG,1
GAAGAC,1
GAAGACCCC,1
GAAGAGAGAG,1
GAAGATGTTA,1
GAAGATTA,1
GAAGCAT,1
GAAGCTTAGTA,1
GAAGGA,1
GAAGGCAG,1
GAAGGGA,1
GAAGGGAA,1
GAAGTAC,1
GAAGTAT,1
GAAGTGGC,1
GAAGTT,1
GAAGTTG,1
GAATA,1
GAATAAAAA,1
GAATAAC,1
GAATAATCAA,1
GAATACAG,1
GAATACC,1
GAATAGGT,1
GAATAGTGA,1
GAATCAA,1
GAATCC,1
GAATCGT,1
GAATCT,1
GAATG,1
GAATGGA,1
GAATGTAC,1
GAATGTC,1
GAATT,1
GAATTA,1
GAATTAG,1
GAATTT,1
GACAACC,1
GACAATAAGT,1
GACACC,1
GACACCA,1
GACACCG,1
GACACG,1
GACAGA,1
GACAGC,1
GACAGG,1
GACAGTGGAG,1
GACATA,1
GACCAAACAGTTCTG,1
GACCAC,1
GACCACTAAA,1
GACCACTAGAGTTCA,1
GACCAG,1
GACCAGC,1
GACCAT,1
GACCATA,1
GACCCAT,1
GACCCC,1
GACCCCTAAAAGACACA,1
GACCCCTCGAA,1
GACCCGG,1
GACCCT,1
GACCG,1
GACCGA,1
GACCTCAT,1
GACCTT,1
GACGAA,1
GACGATAA,1
GACGC,1
GACGG,1
GACGGAGCA,1
GACGGT,1
GACGTG,1
GACTACTAGGGGACAA,1
GACTATGCAA,1
GACTCA,1
GACTGAT,1
GACTGT,1
GAGAAAGA,1
GAGAAC,1
GAGAACTA,1
GAGAAT,1
GAGAATAAGGTG,1
GAGAC,1
GAGACC,1
GAGACTA,1
GAGACTAA,1
GAGACTC,1
GAGAG,1
GAGAGCTGCTT,1
GAGAGT,1
GAGAT,1
GAGATGTC,1
GAGCAAC,1
GAGCAACAA,1
GAGCAC,1
GAGCAG,1
GAGCAGT,1
GAGCCG,1
GAGCG,1
GAGCGA,1
GAGCGG,1
GAGCGGAGTGTGC,1
GAGCGTAA,1
GAGCTAC,1
GAGGAACC,1
GAGGAC,1
GAGGAG,1
GAGGCT,1
GAGGGCA,1
GAGGTA,1
GAGGTACA,1
GAGTAAAG,1
GAGTAAG,1
GAGTAGCC,1
GAGTAT,1
GAGTCA,1
GAGTCTAATAAAGGCA,1
GAGTGCAA,1
GAGTGCT,1
GAGTGT,1
GAGTTCA,1
GAGTTCCA,1
GAGTTCGG,1
GATAAA,1
GATAAT,1
GATAATCAGT,1
GATAATT,1
GATACA,1
GATACAC,1
GATACATA,1
GATACC,1
GATACCA,1
GATAGA,1
GATAGAT,1
GATATATGTATGGTTG,1
GATATGC,1
GATCAG,1
GATCATCCT,1
GATCCAAGTAA,1
GATCCAC,1
GATCCAT,1
GATCCATA,1
GATCCG,1
GATCCGAA,1
GATCCTAG,1
GATCGA,1
GATCGT,1
GATCT,1
GATCTA,1
GATCTC,1
GATCTCG,1
GATGAA,1
GATGAAA,1
GATGAC,1
GATGACAG,1
GATGAG,1
GATGATA,1
GATGATTAGA,1
GATGATTGA,1
GATGCC,1
GATGCG,1
GATGG,1
GATGTAC,1
GATGTACT,1
GATGTC,1
GATGTCC,1
GATGTG,1
GATGTGCCA,1
GATGTT,1
GATGTTC,1
GATTAA,1
GATTAAA,1
GATTAAAA,1
GATTAGGTAA,1
GATTCCT,1
GATTCTA,1
GATTG,1
GATTGA,1
GATTTCA,1
GATTTT,1
GATTTTTGGTCC,1
GCAAAAAA,1
GCAAAAC,1
GCAAAACA,1
GCAAAACGGGTTCC,1
GCAAAG,1
GCAAAGAAGGCAA,1
GCAAAGG,1
GCAAAGTT,1
GCAACAA,1
GCAACG,1
GCAACGA,1
GCAACT,1
GCAACTG,1
GCAAG,1
GCAAGAG,1
GCAAGTGGT,1
GCAATAATA,1
GCAATGATCA,1
GCAATGCACACC,1
GCAATTCAT,1
GCACAAAATGAA,1
GCACAAAATGTTCAG,1
GCACAAACTGTTGA,1
GCACACAAACGGAGAA,1
GCACACAAGGTAAC,1
GCACACC,1
GCACACT,1
GCACATAAAGAAC,1
GCACCAA,1
GCACCAATAG,1
GCACCAC,1
GCACCACTGATTC,1
GCACCAG,1
GCACCTACTCCATGTAACATGT,1
GCACGCAA,1
GCACT,1
GCACTCAT,1
GCACTGGAGACTCA,1
GCAGAACAA,1
GCAGC,1
GCAGCG,1
GCAGG,1
GCAGTATG,1
GCAGTCC,1
GCATA,1
GCATAAAG,1
GCATAGTT,1
GCATCAGGTATAAA,1
GCATCCCT,1
GCATGA,1
GCATGCGC,1
GCATGG,1
GCCAAA,1
GCCAAC,1
GCCAACAAAAGGAGCT,1
GCCAACTATGG,1
GCCAACTT,1
GCCAAT,1
GCCACAAATAA,1
GCCACTACGTGAA,1
GCCAGCA,1
GCCAGCAA,1
GCCAGCTGCT,1
GCCAGT,1
GCCATACTCTCG,1
GCCCAAT,1
GCCCAC,1
GCCCACTAA,1
GCCCACTGGTAA,1
GCCCACTGGTG,1
GCCCAG,1
GCCCATG,1
GCCCCA,1
GCCCGC,1
GCCCTGCCT,1
GCCGAACAGA,1
GCCGAT,1
GCCGCTTAGAG,1
GCCGCTTAGTGGACA,1
GCCGGT,1
GCCGT,1
GCCTACTA,1
GCCTCCTACAG,1
GCCTCGA,1
GCCTCGATAACAGACCAA,1
GCCTCT,1
GCGAA,1
GCGAAA,1
GCGAAAAA,1
GCGAG,1
GCGAGCGA,1
GCGCAA,1
GCGCAGTA,1
GCGCCCGG,1
GCGCT,1
GCGCTCTAAG,1
GCGGCAACAA,1
GCGGCCC,1
GCGGG,1
GCGGT,1
GCGGTA,1
GCGGTT,1
GCGTA,1
GCGTACTT,1
GCGTCAA,1
GCGTGCGA,1
GCGTTAC,1
GCTAAAAG,1
GCTAAT,1
GCTAATGGC,1
GCTACC,1
GCTGTAC,1
GCTGTC,1
GCTGTT,1
GCTTATG,1
GCTTC,1
GCTTCA,1
GCTTT,1
GCTTTG,1
GGAAAAA,1
GGAAAAAACAA,1
GGAAAATA,1
GGAAACAAAAGGCAG,1
GGAAACG,1
GGAAATATTTGTT,1
GGAACAATCTGTCA,1
GGAACACAAAGATCA,1
GGAACAGAGGT,1
GGAACATG,1
GGAACC,1
GGAACCC,1
GGAACCCT,1
GGAACCG,1
GGAACCGA,1
GGAACCGT,1
GGAACG,1
GGAACGC,1
GGAACTT,1
GGAAG,1
GGAAGA,1
GGAAGG,1
GGAAT,1
GGAATGTACAG,1
GGACAAG,1
GGACAATAAG,1
GGACAATAGGTTCTA,1
GGACAATTA,1
GGACACGT,1
GGACACTGAA,1
GGACACTGTA,1
GGACAGAAA,1
GGACAGCCAACAACTAGTA,1
GGACCACAT,1
GGACCAT,1
GGACCCA,1
GGACCCT,1
GGACCGG,1
GGACCT,1
GGACTG,1
GGAGA,1
GGAGAA,1
GGAGAAATTCGTTAT,1
GGAGAACAG,1
GGAGAG,1
GGAGCAA,1
GGAGCAAAGG,1
GGAGCAT,1
GGAGCCCAT,1
GGAGCG,1
GGAGT,1
GGAGTAG,1
GGAGTC,1
GGAGTCAG,1
GGAGTT,1
GGAGTTTA,1
GGATAA,1
GGATAT,1
GGATC,1
GGATCA,1
GGATCAA,1
GGATCC,1
GGATCCG,1
GGATTAACA,1
GGATTGA,1
GGCAAA,1
GGCAAAAA,1
GGCAAAAAGAG,1
GGCACA,1
GGCACCC,1
GGCAGAG,1
GGCAGAT,1
GGCAGCAC,1
GGCAGCGA,1
GGCAGGA,1
GGCAT,1
GGCCAA,1
GGCCAGTA,1
GGCCAT,1
GGCCCAA,1
GGCCCG,1
GGCCCGCTAAA,1
GGCCGGA,1
GGCCT,1
GGCCTTC,1
GGCGA,1
GGCGAA,1
GGCGACGA,1
GGCGC,1
GGCGCC,1
GGCTAGTA,1
GGCTAT,1
GGCTCC,1
GGCTGCAT,1
GGGAAA,1
GGGAAAC,1
GGGAACAGCAA,1
GGGAACC,1
GGGACA,1
GGGACAA,1
GGGACAACT,1
GGGACTA,1
GGGAG,1
GGGAGAA,1
GGGCAA,1
GGGCAAAGCGAACGCT,1
GGGCC,1
GGGCG,1
GGGCGAC,1
GGGCGCA,1
GGGCGGG,1
GGGCTA,1
GGGGC,1
GGGGCAG,1
GGGGCC,1
GGGGG,1
GGGGGT,1
GGGGTGAT,1
GGGTAA,1
GGGTACAT,1
GGGTAGCG,1
GGGTATGGAAAA,1
GGGTC,1
GGGTCC,1
GGGTGCA,1
GGGTGTCTT,1
GGGTTAT,1
GGGTTC,1
GGGTTCC,1
GGTAAA,1
GGTAAG,1
GGTACAG,1
GGTACAGTAA,1
GGTACATA,1
GGTACATC,1
GGTACCGC,1
GGTACGAA,1
GGTACGT,1
GGTACTC,1
GGTAGA,1
GGTAGC,1
GGTCAC,1
GGTCAG,1
GGTCAGT,1
GGTCATGTA,1
GGTCCA,1
GGTCCAAA,1
GGTCCCAC,1
GGTCGGC,1
GGTCT,1
GGTGCA,1
GGTGCAAG,1
GGTGCC,1
GGTGCCA,1
GGTGCCAA,1
GGTGCCC,1
GGTGCGA,1
GGTGG,1
GGTGGAAT,1
GGTGGC,1
GGTGTG,1
GGTTAAGT,1
GGTTAC,1
GGTTACA,1
GGTTCAC,1
GGTTCAGA,1
GGTTCC,1
GGTTCCAA,1
GGTTCCC,1
GGTTCCG,1
GGTTCGA,1
GGTTCGG,1
GGTTCGT,1
GGTTCT,1
GGTTG,1
GGTTT,1
GGTTTGG,1
GTAAAAAGGGA,1
GTAAAAGA,1
GTAAAGGC,1
GTAAAGGGCAGT,1
GTAAATAGGA,1
GTAAC,1
GTAACAA,1
GTAACAC,1
GTAACAGTA,1
GTAACATCTGAC,1
GTAACC,1
GTAACCA,1
GTAACG,1
GTAAG,1
GTAAGAA,1
GTAAGAAAAAGACAAAACT,1
GTAAGATTGA,1
GTAAGCTAGGA,1
GTAAGCTT,1
GTAATA,1
GTACAAAAAACAC,1
GTACAACATC,1
GTACAATA,1
GTACAGA,1
GTACAGCA,1
GTACATC,1
GTACATT,1
GTACCAA,1
GTACCCC,1
GTACCG,1
GTACCT,1
GTACCTA,1
GTACGGG,1
GTACGTAC,1
GTACGTC,1
GTACTGA,1
GTAGA,1
GTAGAAACAAGTAGGAAGTA,1
GTAGAAGCCTCCA,1
GTAGACTTGTAAGA,1
GTAGAT,1
GTAGCA,1
GTAGGAA,1
GTAGGC,1
GTAGGT,1
GTAGTATGCT,1
GTAGTCAA,1
GTAGTGTAT,1
GTATAAA,1
GTATAAAAT,1
GTATAAACCG,1
GTATC,1
GTATGACT,1
GTATGC,1
GTATGCTA,1
GTATTA,1
GTATTC,1
GTATTCCA,1
GTATTCTAC,1
GTCAAA,1
GTCAAAA,1
GTCAAAAGAGGCA,1
GTCAACT,1
GTCAAGTA,1
GTCAGGTG,1
GTCAT,1
GTCATC,1
GTCCAAA,1
GTCCAAG,1
GTCCAAGAAA,1
GTCCAAT,1
GTCCACC,1
GTCCACTAC,1
GTCCAG,1
GTCCAT,1
GTCCCT,1
GTCCG,1
GTCCGT,1
GTCCT,1
GTCCTAA,1
GTCCTAC,1
GTCCTAG,1
GTCCTC,1
GTCGA,1
GTCGC,1
GTCTACAGTAGCGTCCAAT,1
GTCTGG,1
GTCTGTAACATAAA,1
GTCTTTCC,1
GTGAACAA,1
GTGAACAT,1
GTGACAAAGCTGA,1
GTGACC,1
GTGACT,1
GTGAG,1
GTGAGATTATT,1
GTGAGG,1
GTGAGTA,1
GTGAGTCAATG,1
GTGATGAATAGAG,1
GTGATTG,1
GTGCACA,1
GTGCAG,1
GTGCAT,1
GTGCATA,1
GTGCCC,1
GTGCCCAA,1
GTGCCG,1
GTGCCT,1
GTGCGA,1
GTGCTG,1
GTGCTT,1
GTGGAG,1
GTGGCATGC,1
GTGGCC,1
GTGGCGC,1
GTGGG,1
GTGGGA,1
GTGGT,1
GTGGTAGCA,1
GTGGTC,1
GTGTAAT,1
GTGTACA,1
GTGTACAC,1
GTGTACAG,1
GTGTACCC,1
GTGTACT,1
GTGTAG,1
GTGTCA,1
GTGTGA,1
GTGTGC,1
GTGTGCAA,1
GTGTGCTA,1
GTGTTCA,1
GTGTTCAA,1
GTGTTCAC,1
GTGTTCCA,1
GTGTTCCAA,1
GTGTTT,1
GTTAACG,1
GTTAAGAA,1
GTTAATCA,1
GTTACAA,1
GTTACGA,1
GTTAGCC,1
GTTAT,1
GTTATA,1
GTTATTCA,1
GTTCAAATT,1
GTTCAATAAG,1
GTTCACA,1
GTTCAGTAC,1
GTTCATC,1
GTTCATT,1
GTTCCAAT,1
GTTCCG,1
GTTCCGT,1
GTTCGA,1
GTTCT,1
GTTCTA,1
GTTCTAA,1
GTTCTT,1
GTTGACAG,1
GTTGC,1
GTTGCGAA,1
GTTGGGT,1
GTTGTA,1
GTTGTGATC,1
GTTGTT,1
GTTTA,1
GTTTAA,1
GTTTAAA,1
GTTTAATA,1
GTTTAGTA,1
GTTTAT,1
GTTTC,1
GTTTG,1
GTTTGAGC,1
GTTTGTTT,1
GTTTTA,1
GTTTTTT,1
TAAAACG,1
TAAAAGGA,1
TAAAATGTACCAA,1
TAAACAC,1
TAAACAG,1
TAAACAT,1
TAAACCA,1
TAAACCAG,1
TAAACCG,1
TAAACT,1
TAAAGA,1
TAAAGAGA,1
TAAAGC,1
TAAAGG,1
TAAAGGGCAC,1
TAAAGT,1
TAAAGTT,1
TAAATCGTA,1
TAAATG,1
TAAATGA,1
TAACAAAAAA,1
TAACAAC,1
TAACATCAGAA,1
TAACC,1
TAACCA,1
TAACCCA,1
TAACGCC,1
TAACGGA,1
TAACGGAAAA,1
TAACT,1
TAACTA,1
TAACTAA,1
TAACTATGCA,1
TAACTG,1
TAACTTA,1
TAACTTAAAAAGG,1
TAAGAAA,1
TAAGAAC,1
TAAGAACAG,1
TAAGAG,1
TAAGAGC,1
TAAGCAGA,1
TAAGGAA,1
TAAGGAC,1
TAAGGAG,1
TAAGGT,1
TAAGTACAA,1
TAAGTAGA,1
TAAGTGAA,1
TAAGTGAG,1
TAAGTGC,1
TAAGTTCTATTT,1
TAAGTTGGGA,1
TAATAAA,1
TAATAAAGAA,1
TAATAAAGTGGA,1
TAATAAGA,1
TAATAC,1
TAATACAAACT,1
TAATAG,1
TAATATAAG,1
TAATATTCA,1
TAATCA,1
TAATCAT,1
TAATGAACAGG,1
TAATGC,1
TAATTAA,1
TAATTAG,1
TAATTCGA,1
TAATTT,1
TACAAA,1
TACAAATG,1
TACAAC,1
TACAACCC,1
TACAAGTTCCC,1
TACAGGGA,1
TACATGAACAT,1
TACATTT,1
TACCA,1
TACCACA,1
TACCAT,1
TACCCA,1
TACCG,1
TACCGGAGGTTCACT,1
TACCGTAGA,1
TACGA,1
TACGAC,1
TACGGC,1
TACGTCAGC,1
TACTAA,1
TACTAG,1
TACTAGTAA,1
TACTATGCA,1
TACTATTC,1
TACTCTTT,1
TACTGG,1
TAGAAAATAGC,1
TAGAAAC,1
TAGAAACA,1
TAGAACC,1
TAGAACGA,1
TAGAAGAA,1
TAGAAGGG,1
TAGAATAAA,1
TAGAATTAG,1
TAGAC,1
TAGAGAAC,1
TAGAGCC,1
TAGAGG,1
TAGAGGGCAG,1
TAGAT,1
TAGATC,1
TAGATCG,1
TAGCAG,1
TAGCC,1
TAGCCCAG,1
TAGCGA,1
TAGCGCA,1
TAGCGGC,1
TAGGAACAA,1
TAGGAACAG,1
TAGGAC,1
TAGGAGA,1
TAGGAGAT,1
TAGGATCAA,1
TAGGGAA,1
TAGGGC,1
TAGGTAA,1
TAGGTAC,1
TAGGTC,1
TAGGTGG,1
TAGTACCA,1
TAGTAGA,1
TAGTAGGAGAAAT,1
TAGTCACT,1
TAGTCC,1
TAGTGCA,1
TAGTGG,1
TAGTGGCA,1
TAGTTAAC,1
TAGTTTA,1
TAGTTTAC,1
TATAAACAT,1
TATAAC,1
TATAAT,1
TATACAAA,1
TATACAG,1
TATACAT,1
TATACCC,1
TATATA,1
TATATATAT,1
TATCA,1
TATCATGTTATAT,1
TATCTCAA,1
TATGAAAA,1
TATGAACAA,1
TATGAACAG,1
TATGAACCAT,1
TATGAC,1
TATGACT,1
TATGAG,1
TATGATC,1
TATGCG,1
TATGCGA,1
TATGTAA,1
TATGTAACAT,1
TATGTACCAA,1
TATGTAG,1
TATGTC,1
TATGTCC,1
TATGTCGGAC,1
TATGTGCAG,1
TATGTTG,1
TATTAA,1
TATTAAG,1
TATTAG,1
TATTAGCGG,1
TATTAT,1
TATTCAAC,1
TATTCAG,1
TATTCATA,1
TATTCC,1
TATTCCAT,1
TATTCCG,1
TATTCTC,1
TATTCTT,1
TATTGC,1
TATTTCGC,1
TATTTGC,1
TATTTGTTTA,1
TATTTTC,1
TCAAA,1
TCAAAC,1
TCAAATGA,1
TCAACA,1
TCAACAA,1
TCAACCA,1
TCAACT,1
TCAAG,1
TCAAGACTAGAT,1
TCAAGTG,1
TCAAT,1
TCACAA,1
TCACACG,1
TCACT,1
TCAGA,1
TCAGAT,1
TCAGCAAC,1
TCAGTTT,1
TCATAAAT,1
TCATATA,1
TCATCT,1
TCATGA,1
TCATTC,1
TCCAAA,1
TCCACA,1
TCCACG,1
TCCAGA,1
TCCATTTT,1
TCCCAC,1
TCCCACAAA,1
TCCCTA,1
TCCCTC,1
TCCCTTTA,1
TCCTCA,1
TCCTGGA,1
TCCTTTT,1
TCGAAC,1
TCGAAGA,1
TCGAC,1
TCGACA,1
TCGATGTCCTA,1
TCGCC,1
TCGCTTC,1
TCGGT,1
TCGGTAA,1
TCGTAAGCA,1
TCGTCT,1
TCGTGGA,1
TCTAATAT,1
TCTAG,1
TCTAGA,1
TCTAGGCCC,1
TCTCA,1
TCTCCAGTAG,1
TCTCGA,1
TCTCT,1
TCTCTT,1
TCTGAA,1
TCTGAAC,1
TCTGAT,1
TCTGATC,1
TCTGG,1
TCTGT,1
TCTGTA,1
TCTTAA,1
TCTTCC,1
TCTTGAC,1
TCTTTA,1
TGAAAAAAG,1
TGAAAAACAG,1
TGAAAAT,1
TGAAACAA,1
TGAAACAGAGGTA,1
TGAAACAGTTGTAC,1
TGAAACC,1
TGAAACCA,1
TGAAACGA,1
TGAAAG,1
TGAACAAAATGTAC,1
TGAACAAG,1
TGAACACAAGTATCCAA,1
TGAACATA,1
TGAACATC,1
TGAACCC,1
TGAACCG,1
TGAACCT,1
TGAACG,1
TGAACGA,1
TGAACGG,1
TGAACGT,1
TGAACTAT,1
TGAACTT,1
TGAAGAC,1
TGAAGGT,1
TGAAT,1
TGAATAG,1
TGAATC,1
TGACAA,1
TGACAAA,1
TGACAC,1
TGACACC,1
TGACACGC,1
TGACAG,1
TGACC,1
TGACCAA,1
TGACCAAG,1
TGACCATA,1
TGACCC,1
TGACCG,1
TGACCGA,1
TGACGA,1
TGACGAATGAACAA,1
TGACTTGGAAGAG,1
TGAGAG,1
TGAGCCAAT,1
TGAGCTTC,1
TGAGG,1
TGAGGA,1
TGAGT,1
TGATAA,1
TGATAAAG,1
TGATAG,1
TGATCAAATAA,1
TGATCAC,1
TGATCAG,1
TGATCAT,1
TGATCATA,1
TGATCGA,1
TGATCTA,1
TGATCTT,1
TGATG,1
TGATTAAC,1
TGATTACA,1
TGATTACC,1
TGATTCAA,1
TGATTCATGA,1
TGCAAC,1
TGCAACAA,1
TGCAATAT,1
TGCAC,1
TGCACAC,1
TGCACAG,1
TGCAGCAG,1
TGCAT,1
TGCCAT,1
TGCCCACTCGAG,1
TGCCG,1
TGCCT,1
TGCGACAAC,1
TGCGC,1
TGCGCC,1
TGCGCGA,1
TGCTA,1
TGCTAC,1
TGCTC,1
TGCTCA,1
TGCTG,1
TGCTTACAC,1
TGGAAA,1
TGGAAAG,1
TGGAACAA,1
TGGAAT,1
TGGACAACAA,1
TGGACAG,1
TGGACCC,1
TGGACT,1
TGGAGA,1
TGGATGGA,1
TGGCA,1
TGGCAC,1
TGGCAG,1
TGGCGC,1
TGGCGG,1
TGGGA,1
TGGGAT,1
TGGGC,1
TGGGCA,1
TGGGCC,1
TGGGGA,1
TGGGGT,1
TGGGT,1
TGGTAA,1
TGGTAC,1
TGGTACCG,1
TGGTAG,1
TGGTAGTT,1
TGGTATG,1
TGGTCC,1
TGGTCT,1
TGGTTA,1
TGGTTG,1
TGTAAA,1
TGTAAAA,1
TGTAAAGG,1
TGTAAAGGT,1
TGTAAC,1
TGTAATATT,1
TGTACAAA,1
TGTACCAAC,1
TGTACCAATAA,1
TGTACCTG,1
TGTACG,1
TGTACGAG,1
TGTACGT,1
TGTACTAA,1
TGTACTG,1
TGTAGA,1
TGTAGAT,1
TGTAGCA,1
TGTAGTA,1
TGTATG,1
TGTCCA,1
TGTCCAG,1
TGTCCC,1
TGTCCT,1
TGTCCTA,1
TGTCGATTAA,1
TGTGAAAAC,1
TGTGACA,1
TGTGCAAT,1
TGTGCAG,1
TGTGCCA,1
TGTGCCAA,1
TGTGCGA,1
TGTGTAAT,1
TGTGTT,1
TGTGTTC,1
TGTTAAA,1
TGTTAAAAAA,1
TGTTAATAT,1
TGTTAATT,1
TGTTACAA,1
TGTTACC,1
TGTTACTA,1
TGTTAG,1
TGTTAGA,1
TGTTAGTT,1
TGTTATT,1
TGTTATTA,1
TGTTCAAC,1
TGTTCAGC,1
TGTTCCC,1
TGTTCCT,1
TGTTCCTA,1
TGTTCGAT,1
TGTTCGG,1
TGTTCTG,1
TGTTG,1
TGTTGT,1
TGTTTAA,1
TGTTTAGT,1
TGTTTATTAGAT,1
TGTTTGG,1
TTAAAA,1
TTAAAAAAG,1
TTAAAC,1
TTAAAG,1
TTAACAG,1
TTAACCA,1
TTAAG,1
TTACA,1
TTACAA,1
TTACAGATCAT,1
TTACCA,1
TTACCAGCAG,1
TTACCGGA,1
TTACG,1
TTACTAGGG,1
TTACTATATA,1
TTACTC,1
TTAGAAAA,1
TTAGAG,1
TTAGGA,1
TTAGGGC,1
TTAGGTA,1
TTAGTAAAG,1
TTAGTC,1
TTATAAAT,1
TTATAGA,1
TTATATA,1
TTATATTC,1
TTATC,1
TTATGAG,1
TTATGAGATGCC,1
TTATGCCA,1
TTATT,1
TTATTAA,1
TTATTACT,1
TTATTTGTAA,1
TTATTTT,1
TTCAAA,1
TTCAC,1
TTCACA,1
TTCACTA,1
TTCAG,1
TTCATA,1
TTCCA,1
TTCCC,1
TTCCCA,1
TTCCGA,1
TTCCT,1
TTCGA,1
TTCGAA,1
TTCGC,1
TTCGG,1
TTCGT,1
TTCTA,1
TTCTCC,1
TTCTGG,1
TTCTTAACA,1
TTCTTT,1
TTGAACAA,1
TTGAACTA,1
TTGAG,1
TTGATC,1
TTGCAAAT,1
TTGCAT,1
TTGCC,1
TTGCT,1
TTGCTG,1
TTGGAG,1
TTGGCTG,1
TTGGCTT,1
TTGGTAGT,1
TTGGTG,1
TTGGTGA,1
TTGTACAA,1
TTGTAG,1
TTGTCATCTG,1
TTGTCCAA,1
TTGTCG,1
TTGTGA,1
TTGTGAAGA,1
TTGTGCAA,1
TTGTGTAA,1
TTGTTAC,1
TTGTTAGAT,1
TTGTTCAA,1
TTGTTT,1
TTGTTTA,1
TTGTTTATAT,1
TTTAAA,1
TTTAACGA,1
TTTAGG,1
TTTAGGAA,1
TTTATA,1
TTTATC,1
TTTATT,1
TTTCA,1
TTTCAAGGAATTCC,1
TTTCAG,1
TTTCC,1
TTTCCAATAAAAC,1
TTTCT,1
TTTCTA,1
TTTCTTC,1
TTTGAT,1
TTTGCAAA,1
TTTGGT,1
TTTGT,1
TTTGTA,1
TTTGTC,1
TTTGTTT,1
TTTTAA,1
TTTTAAAA,1
TTTTACT,1
TTTTCCG,1
TTTTG,1
TTTTTA,1
